,sub_id,run,presentation_order,video_number,video_category,category,expected_fear,fear,arousal,valence
0,04,1,1,34,3,Spiders,0.517,-0.49180302000069,-0.7958284293482905,0.40975853401417756
1,04,1,2,25,3,Spiders,0.43,0.6518791156443801,0.26439795299937335,1.1634025467259983
2,04,1,3,16,2,Social,0.28,-0.4770267650181955,0.3626297903414893,0.9317376556589407
3,04,1,4,7,1,Heights,0.82,-1.2158395141429177,-1.6629784417476576,-1.6283060139808243
4,04,1,5,31,3,Spiders,0.499,-1.3665573149643608,-1.598619651764892,-0.06823358299759967
5,04,1,6,30,3,Spiders,0.634,0.4656983028649499,-0.10143095848160963,1.051968801655768
6,04,1,7,6,1,Heights,0.76,1.5857384305380289,1.5786721905421643,0.9991843960961851
7,04,1,8,12,1,Heights,0.903,-1.1862870041779288,0.26439795299937335,-1.531534603788256
8,04,1,9,1,1,Heights,0.914,1.526633410608051,1.2263924980049214,1.1634025467259983
9,04,1,10,22,2,Social,0.246,-1.3665573149643608,-0.4808090889063327,-1.554994339592515
10,04,1,11,19,2,Social,0.503,-0.8996276575175366,-1.239565349755779,-0.7397685203945142
11,04,1,12,17,2,Social,0.608,-0.1637701593893134,1.1010622227753253,-0.4729140256210677
12,04,2,13,24,2,Social,0.324,-0.3854139841267299,0.5387696366101106,0.5182598121088756
13,04,2,14,15,2,Social,0.239,0.4656983028649499,0.46086162768360517,-0.021314111389081597
14,04,2,15,14,2,Social,0.386,0.5986845977074,1.175582926965896,0.9581298584387322
15,04,2,16,3,1,Heights,0.823,1.5886936815345274,1.5244753147672039,1.1868622825302575
16,04,2,17,11,1,Heights,0.932,-1.2749445340728955,-0.9855174945606521,-1.6165761460786947
17,04,2,18,27,3,Spiders,0.714,0.8587466853993021,0.115356544618232,0.5094624111822784
18,04,2,19,5,1,Heights,0.486,0.3977275299454754,1.0841256990956503,-0.28816860616252815
19,04,2,20,8,1,Heights,0.61,-1.2128842631464187,-0.982130189824717,-1.7456046930021194
20,04,2,21,35,3,Spiders,0.641,-0.32335371320025336,0.1797153346009976,-0.5413591036408457
21,04,2,22,26,3,Spiders,0.499,1.4261548767270886,1.429630782161023,1.0226441319004442
22,04,2,23,32,3,Spiders,0.76,-0.5213555299656789,-1.476676681271231,-0.5579555679115067
23,04,2,24,21,2,Social,0.16,-1.3222285500168776,0.47779815136328035,-1.508074867983997
24,04,3,25,4,1,Heights,0.638,0.5366243267809233,-0.75518077251707,0.9376025896100055
25,04,3,26,9,1,Heights,0.511,-0.6247893148431399,-1.0702001129590277,-0.6693893129817371
26,04,3,27,28,3,Spiders,0.86,1.1897347970071777,0.1898772488088027,0.7147350994695447
27,04,3,28,36,3,Spiders,0.906,0.5129823188089322,0.8402397581083283,0.12237677041200468
28,04,3,29,18,2,Social,0.116,-0.9291801674825255,-1.5918450422930221,0.9317376556589407
29,04,3,30,20,2,Social,0.298,0.6666553706268742,-0.04384677797071409,0.9376025896100055
30,04,3,31,2,1,Heights,0.799,1.55618592057304,-0.06078330165038925,1.028509065851509
31,04,3,32,10,1,Heights,0.764,-1.0858084702969664,0.20681377248847785,-1.4611553963754789
32,04,3,33,33,3,Spiders,0.729,0.06082891634460215,-0.7958284293482905,0.31298712382160904
33,04,3,34,29,3,Spiders,0.966,1.5118571556255562,1.3212370306111023,1.098888273264286
34,04,3,35,13,2,Social,0.309,0.4450115458894577,0.9350842907145092,-0.6107399734710895
35,04,3,36,23,2,Social,0.493,-1.1981080081639244,-1.6358800038601775,-0.9831632793637014
36,05,1,1,1,1,Heights,0.74,1.624302982050219,1.052511575924269,1.0499193699563194
37,05,1,2,5,1,Heights,0.773,1.7769826754221192,1.157208349559081,0.36077493514040615
38,05,1,3,12,1,Heights,0.881,0.46158839406420654,-0.7142464791631833,0.009533578040682814
39,05,1,4,30,3,Spiders,0.07,-0.8772950708893835,-1.2769916374502976,0.30003601050371076
40,05,1,5,24,2,Social,0.021,-0.7363599693153212,-0.3412642230891656,0.6142022434275481
41,05,1,6,14,2,Social,0.031,0.11218678807851094,0.8267591577742058,0.5208342877428119
42,05,1,7,21,2,Social,0.043,-0.9007842544850604,-1.4176779270220765,-0.1638640539452568
43,05,1,8,31,3,Spiders,0.038,-0.9154649942323585,-1.7317682479265124,0.4274663320580752
44,05,1,9,32,3,Spiders,0.025,-0.9653795093731722,-0.10242470823475071,-0.9552686307015961
45,05,1,10,26,3,Spiders,0.0,-0.5895525718423399,0.9085535121764025,-0.8396702093776363
46,05,1,11,18,2,Social,0.101,-0.7950829283045139,-0.5866472862957562,1.6634802215988744
47,05,1,12,7,1,Heights,0.821,-0.8361889995969487,-0.8385738978545226,-0.1638640539452568
48,05,2,13,15,2,Social,0.077,0.25605803760203266,0.9543583506416327,0.23183823443291307
49,05,2,14,13,2,Social,0.156,0.40428064270506303,-0.18421906263694765,-1.8933942806768067
50,05,2,15,22,2,Social,0.114,-0.9624433614237126,-1.715409377046073,-0.1638640539452568
51,05,2,16,4,1,Heights,0.771,1.8533225221080696,1.2749922198982444,0.9031982967374474
52,05,2,17,36,3,Spiders,0.049,-0.9007842544850604,-0.8582045429110499,-1.2264803115001164
53,05,2,18,34,3,Spiders,0.012,-0.9095926983334393,-1.3587859918524947,-0.8752389544003931
54,05,2,19,2,1,Heights,0.894,1.6066860943534613,1.0296091566916539,0.5919717777883255
55,05,2,20,8,1,Heights,0.893,-0.8508697393442468,-0.5964626088240199,-0.6707186705195413
56,05,2,21,11,1,Heights,0.732,1.530346247667511,0.86602044788726,1.6101271040647391
57,05,2,22,29,3,Spiders,0.067,-0.2401509658566443,-0.18421906263694765,-0.46175229351084485
58,05,2,23,27,3,Spiders,0.046,-0.011131425798793348,0.892194641295963,0.4052358664188522
59,05,2,24,23,2,Social,0.044,-0.9771241011710108,-1.6990505061656336,0.2585147931999802
60,05,3,25,16,2,Social,0.059,1.7153235684834673,1.0132502858112145,1.8946770642467934
61,05,3,26,17,2,Social,0.062,0.2589941855514923,0.4276027082914851,0.9609975073994274
62,05,3,27,20,2,Social,0.181,-0.7980190762539735,-0.8909222846719287,0.48526554272005507
63,05,3,28,9,1,Heights,0.89,-0.8038913721528927,-0.409971480787011,-1.7866880456085361
64,05,3,29,10,1,Heights,0.864,-0.11683275197934002,0.22148093519794881,-0.9374842581902176
65,05,3,30,35,3,Spiders,0.036,-0.0023229819504144576,0.7384212550198331,-0.507496412929373
66,05,3,31,25,3,Spiders,0.114,0.20907967041067874,0.6795293198502513,0.3741132145239399
67,05,3,32,33,3,Spiders,0.129,-0.9095926983334393,0.8333027061263816,-2.1245911233247257
68,05,3,33,3,1,Heights,0.808,1.8122164508156349,1.3862325418852322,0.8309779770583371
69,05,3,34,6,1,Heights,0.937,1.4863040284256162,0.8823793187676994,1.4233911926952658
70,05,3,35,28,3,Spiders,0.178,-0.09334356838366298,1.1244906077982024,-0.888577233783927
71,05,3,36,19,2,Social,0.062,-0.9154649942323585,-1.3620577660285824,-1.2576029633950288
72,06,1,1,25,3,Spiders,0.013,0.5364493390951629,0.23087204068611772,0.6717757169081052
73,06,1,2,35,3,Spiders,0.161,-0.8009412597623605,-0.6959847604842068,-0.3218795603720942
74,06,1,3,6,1,Heights,0.186,-0.18663744401919194,0.38679187639701357,-0.3405572911480378
75,06,1,4,23,2,Social,0.0,-1.3480555956586202,-2.333143035448612,1.6691665403434939
76,06,1,5,13,2,Social,0.0,0.5396488381354919,0.7116248674613795,-1.3192703838074828
77,06,1,6,14,2,Social,0.083,0.9011922296926692,0.4517584746098869,1.6131333480156633
78,06,1,7,29,3,Spiders,0.226,-0.6121708163829493,0.24386536032869238,0.5746515168731988
79,06,1,8,31,3,Spiders,0.139,-1.3480555956586202,-1.4712528324911605,0.7763710092533895
80,06,1,9,20,2,Social,0.135,-0.4106023768422222,0.633664949605932,-1.1922618145310662
81,06,1,10,12,1,Heights,0.171,-0.3434128969953131,1.3006553579247635,-0.7290540912876647
82,06,1,11,4,1,Heights,0.243,0.8755962373700372,0.6379960561534569,-0.4937146835107755
83,06,1,12,7,1,Heights,0.273,-1.3480555956586202,0.8155714246019767,-1.4724277761702205
84,06,2,13,2,1,Heights,0.046,1.345922596298401,1.105755563286144,1.1163057093755635
85,06,2,14,9,1,Heights,0.325,-1.3480555956586202,-2.0213033640268203,-1.4276012223079557
86,06,2,15,16,2,Social,0.132,0.8595987421683922,-1.0727910301188714,1.2358431863416022
87,06,2,16,15,2,Social,0.215,0.597239820861414,-0.8822223420277766,0.20483244750951513
88,06,2,17,27,3,Spiders,0.269,0.6772272968696391,-0.32350959739706686,0.5186183245453679
89,06,2,18,32,3,Spiders,0.339,-0.5353828394150533,0.5427117121079095,-0.46383031426926574
90,06,2,19,26,3,Spiders,0.275,1.166750650039977,-0.8648979158376771,0.9444705862368822
91,06,2,20,1,1,Heights,0.21,1.400314079983994,0.7116248674613795,1.3628517556180189
92,06,2,21,10,1,Heights,0.106,-0.1674404497772179,1.0148023257881214,-0.6692853528046455
93,06,2,22,21,2,Social,0.213,-0.6409663077459105,0.8632135966247505,-1.3939813069112572
94,06,2,23,19,2,Social,0.135,-1.3480555956586202,-1.592523815821857,-1.1511708068239905
95,06,2,24,33,3,Spiders,0.163,-0.1258469622529408,0.26118978651879193,-0.40779712194143486
96,06,3,25,5,1,Heights,0.272,1.493099552153535,0.8502202769821758,0.6792468092184827
97,06,3,26,11,1,Heights,0.366,-0.8329362501656505,0.5340494990128597,-0.7962939220810618
98,06,3,27,18,2,Social,0.291,-0.5193853442134083,-0.903877874765401,1.2246365478760364
99,06,3,28,22,2,Social,0.124,-1.3352575994973042,0.655320482343556,-1.1847907222206886
100,06,3,29,17,2,Social,0.231,1.0963616711527386,-1.2243797592822423,-0.6281943450975696
101,06,3,30,3,1,Heights,0.369,1.8514434446703836,0.9065246620999994,1.2731986478934896
102,06,3,31,8,1,Heights,0.504,-1.3480555956586202,0.767929252579203,-1.0689887914098386
103,06,3,32,30,3,Spiders,0.308,0.8755962373700372,0.5253872859178099,0.9892971400991468
104,06,3,33,36,3,Spiders,0.371,0.8851947344910243,-0.8735601289327268,0.6717757169081052
105,06,3,34,24,2,Social,0.108,-0.7849437645607157,1.5951706031564556,-1.0540466067890837
106,06,3,35,28,3,Spiders,0.269,1.227541131806228,-1.31100189023274,1.0229170554958453
107,06,3,36,34,3,Spiders,0.317,-0.9449187165771659,-0.176251974781221,-0.4339459450277559
108,07,1,1,35,3,Spiders,0.169,-0.09367630486110116,-0.7105540983706425,0.7535348635942379
109,07,1,2,31,3,Spiders,0.187,-0.6749169950914149,-3.816782079730538,0.9408555312088543
110,07,1,3,25,3,Spiders,0.119,1.2385733960133305,0.39103603110132074,1.146387930397114
111,07,1,4,12,1,Heights,0.148,-0.7871367323140991,0.8585713767493047,-1.3434159433138297
112,07,1,5,3,1,Heights,0.113,1.0889470797164182,-2.3501301050265875,0.745729835776962
113,07,1,6,7,1,Heights,0.189,-0.8015238781118792,0.20530281159732683,-1.3434159433138297
114,07,1,7,24,2,Social,0.106,-0.8015238781118792,0.4358681875333193,-1.2393489057501539
115,07,1,8,30,3,Spiders,0.186,-0.4821292414011623,-0.7938138174586399,1.0995577634934601
116,07,1,9,1,1,Heights,0.095,1.8888723860729886,0.8585713767493047,1.2582599957780656
117,07,1,10,19,2,Social,0.124,-0.8015238781118792,0.8585713767493047,-1.3434159433138297
118,07,1,11,13,2,Social,0.13,-0.6777944242509709,0.8585713767493047,-1.3434159433138297
119,07,1,12,14,2,Social,0.148,-0.2490574794771256,-0.24301875272265852,0.7847549748633408
120,07,2,13,8,1,Heights,0.174,-0.8015238781118792,0.8585713767493047,-1.3434159433138297
121,07,2,14,27,3,Spiders,0.122,-0.407316083252706,-0.319873878034656,0.7665432432896971
122,07,2,15,20,2,Social,0.122,-0.6375104160171867,-0.3390876593626554,0.7119080485687677
123,07,2,16,29,3,Spiders,0.153,-0.01886314671264489,0.352608468445322,0.6598745297869296
124,07,2,17,33,3,Spiders,0.178,-0.5655746870282865,-0.8578597552186378,0.6156460388223675
125,07,2,18,34,3,Spiders,0.134,-0.8015238781118792,-1.1588756626906271,0.18636950887220485
126,07,2,19,4,1,Heights,0.121,1.70759434902096,0.7048611261253098,0.7873566508024323
127,07,2,20,6,1,Heights,0.142,1.4860323037351475,0.7432886887813085,0.23319967577585873
128,07,2,21,10,1,Heights,0.16,-0.6461427034958548,0.8585713767493047,-1.3434159433138297
129,07,2,22,22,2,Social,0.083,-0.8015238781118792,-0.24301875272265852,-1.010401423110067
130,07,2,23,16,2,Social,0.116,2.075905281444129,0.8585713767493047,1.2582599957780656
131,07,2,24,17,2,Social,0.106,-0.8015238781118792,-0.24301875272265852,-1.0468248862573537
132,07,3,25,5,1,Heights,0.14,1.5464583160858234,0.8585713767493047,0.24620805547131822
133,07,3,26,9,1,Heights,0.22,-0.8015238781118792,0.8585713767493047,-1.3434159433138297
134,07,3,27,23,2,Social,0.184,-0.8015238781118792,-0.07009472077066418,-0.9115377374245751
135,07,3,28,18,2,Social,0.161,-0.4591098081247142,-0.40313359712265256,0.6780862613605729
136,07,3,29,15,2,Social,0.171,0.999746775770182,-0.5696530352986472,0.5167823531368756
137,07,3,30,36,3,Spiders,0.22,-0.5569423995496184,-0.8258367863386388,0.6156460388223675
138,07,3,31,21,2,Social,0.165,-0.8015238781118792,0.4742957501893173,-1.3408142673747379
139,07,3,32,28,3,Spiders,0.106,-0.16561203385000137,-0.7041495045946428,1.0423208928334384
140,07,3,33,26,3,Spiders,0.223,1.70759434902096,0.8585713767493047,1.2582599957780656
141,07,3,34,32,3,Spiders,0.202,-0.6001038369429585,0.038783373421332264,-0.5104597152857923
142,07,3,35,2,1,Heights,0.202,1.7996720821267522,0.8585713767493047,0.5011722975023242
143,07,3,36,11,1,Heights,0.221,-0.5022712455180544,0.8585713767493047,-1.3434159433138297
144,08,1,1,12,1,Heights,0.0,-0.6737604379655725,0.27079675898646044,-1.4848340013755952
145,08,1,2,11,1,Heights,0.0,-0.6737604379655725,-0.6421850396060242,-1.4848340013755952
146,08,1,3,5,1,Heights,0.0,-0.48405947607042105,0.9573887619930036,-1.012045227904323
147,08,1,4,25,3,Spiders,0.829,1.7554657685251163,1.0650166975994348,1.1417702956870273
148,08,1,5,15,2,Social,0.0,-0.6737604379655725,0.20770452087234556,-0.4814711598976733
149,08,1,6,6,1,Heights,0.0,-0.3865742595409683,0.5231657114429195,-0.5287500372448006
150,08,1,7,35,3,Spiders,0.878,-0.3734005816315828,-0.2302298378020983,0.322269755003489
151,08,1,8,27,3,Spiders,0.763,1.9609751439115304,1.0650166975994348,1.1417702956870273
152,08,1,9,34,3,Spiders,0.836,-0.6737604379655725,0.3116211483544171,0.3038835249240509
153,08,1,10,20,2,Social,0.0,-0.6737604379655725,-0.7943486727047718,-0.6311876048302429
154,08,1,11,19,2,Social,0.015,-0.6737604379655725,-0.45661963338803985,0.7556594640188218
155,08,1,12,18,2,Social,0.0,-0.6737604379655725,-1.7110417794216162,1.1417702956870273
156,08,2,13,29,3,Spiders,0.665,1.5894774268668588,1.0650166975994348,1.1417702956870273
157,08,2,14,36,3,Spiders,0.771,-0.6737604379655725,-0.805482597077851,0.1804331229621075
158,08,2,15,32,3,Spiders,0.649,-0.6737604379655725,-0.5382684121239532,-0.8097966970305012
159,08,2,16,8,1,Heights,0.013,-0.6737604379655725,-2.2046457599614557,-1.4848340013755952
160,08,2,17,9,1,Heights,0.0,-0.6737604379655725,-2.6462914267602593,-0.9778993720425091
161,08,2,18,16,2,Social,0.0,-0.3207058699940407,-0.3527030059059683,1.0051868722397708
162,08,2,19,30,3,Spiders,0.646,0.2536664868551676,-0.6792981208496213,0.4614797827478081
163,08,2,20,2,1,Heights,0.0,1.3576206956616736,0.4155377758364882,1.1417702956870273
164,08,2,21,3,1,Heights,0.046,1.9609751439115304,1.0650166975994348,1.1417702956870273
165,08,2,22,17,2,Social,0.0,-0.6737604379655725,1.0650166975994348,-0.16890524854722128
166,08,2,23,24,2,Social,0.0,-0.6737604379655725,0.3710020783441718,0.82395117574245
167,08,2,24,23,2,Social,0.0,-0.6737604379655725,-1.869704909588748,-0.16890524854722128
168,08,3,25,7,1,Heights,0.0,-0.6737604379655725,-0.7943486727047718,-0.16890524854722128
169,08,3,26,4,1,Heights,0.0,-0.6737604379655725,0.4452282408313658,-0.7283719638215598
170,08,3,27,28,3,Spiders,0.727,1.9609751439115304,1.0650166975994348,1.1417702956870273
171,08,3,28,26,3,Spiders,0.838,1.9609751439115304,1.0650166975994348,1.1417702956870273
172,08,3,29,33,3,Spiders,0.851,1.3628901668254279,0.35244553772237375,1.1417702956870273
173,08,3,30,21,2,Social,0.0,-0.6737604379655725,-0.5865154177406289,-1.4848340013755952
174,08,3,31,31,3,Spiders,0.836,-0.2232206534645879,-0.6496076558547437,0.8160713628512621
175,08,3,32,1,1,Heights,0.0,-0.11519649460762672,0.1854366721261874,-0.016562199317589336
176,08,3,33,10,1,Heights,0.0,-0.6737604379655725,1.0650166975994348,-1.4848340013755952
177,08,3,34,22,2,Social,0.0,-0.6737604379655725,1.0650166975994348,-1.4848340013755952
178,08,3,35,13,2,Social,0.0,-0.6737604379655725,0.27079675898646044,-1.4848340013755952
179,08,3,36,14,2,Social,0.0,1.2153449742403102,1.0650166975994348,1.1417702956870273
180,09,1,1,5,1,Heights,0.777,1.3480976462352128,1.195480900674475,1.0493913800766665
181,09,1,2,10,1,Heights,0.94,0.6272051118028019,0.08920608667373807,0.5865405227579292
182,09,1,3,28,3,Spiders,0.072,-1.0234099372745833,-1.7545852699941566,-0.3898382930458302
183,09,1,4,35,3,Spiders,0.08,-1.046295414558152,0.2932761979942625,-0.17023752132526157
184,09,1,5,30,3,Spiders,0.051,0.48131019412005194,0.36845992321761367,0.9379017575108393
185,09,1,6,17,2,Social,0.204,-1.0005244599910148,-0.18646757247854898,-1.3864879493161042
186,09,1,7,12,1,Heights,0.825,1.2136454671942472,1.1202971754511242,1.0493913800766665
187,09,1,8,1,1,Heights,0.903,1.6770763821865111,1.607201300707112,1.0493913800766665
188,09,1,9,24,2,Social,0.134,-1.1836082782595634,0.2753753110363218,-1.8358249129904987
189,09,1,10,18,2,Social,0.0,0.5328025180080813,-0.38337732901589694,0.5865405227579292
190,09,1,11,22,2,Social,0.176,-1.1836082782595634,-1.2569406125634044,-1.089182289140565
191,09,1,12,31,3,Spiders,0.254,-0.9833603520283383,-1.7080429639035108,-0.16010210109200454
192,09,2,13,13,2,Social,0.062,-1.1836082782595634,0.6691948241110177,-1.6263595615031872
193,09,2,14,2,1,Heights,0.833,1.6770763821865111,1.3565888832959418,1.0493913800766665
194,09,2,15,8,1,Heights,0.94,-0.8288833803642502,-0.6912725846924775,-1.4000018429604468
195,09,2,16,6,1,Heights,0.881,1.4968532485784087,1.0379530954445966,1.0493913800766665
196,09,2,17,26,3,Spiders,0.143,-0.8946791275545098,-1.0564506786344683,-0.2276715693137181
197,09,2,18,19,2,Social,0.108,-1.1836082782595634,-1.6292790612885717,-1.0790468689073078
198,09,2,19,16,2,Social,0.064,1.2536950524404922,1.0844954015352426,1.0493913800766665
199,09,2,20,23,2,Social,0.299,-1.1836082782595634,-1.6006376421558666,-1.8392033864015844
200,09,2,21,11,1,Heights,0.925,0.4727281401387137,0.6691948241110177,0.23517928800501925
201,09,2,22,29,3,Spiders,0.08,0.5328025180080813,0.1930312310297944,0.850061448822612
202,09,2,23,32,3,Spiders,0.233,-0.665824354718824,0.12858803798120771,0.6574884643907285
203,09,2,24,36,3,Spiders,0.197,-0.359731096051094,-1.0922524525503499,0.505457160891873
204,09,3,25,20,2,Social,0.189,0.35544006906042486,-0.06832171855614007,-0.1499666808587475
205,09,3,26,14,2,Social,0.26,0.9476017937727622,1.216961965024004,1.0493913800766665
206,09,3,27,15,2,Social,0.499,-1.1406980083528724,-0.42275928032336657,-0.6364668520550846
207,09,3,28,27,3,Spiders,0.186,-0.025030990778903098,-0.7664563099158285,0.3399119637486752
208,09,3,29,33,3,Spiders,0.241,-0.5256508063569663,0.09278626406532622,-0.6364668520550846
209,09,3,30,7,1,Heights,0.894,0.4956136174222823,0.11784750580644326,-0.17023752132526157
210,09,3,31,3,1,Heights,0.797,1.4453609246903794,1.510536511134232,1.0493913800766665
211,09,3,32,34,3,Spiders,0.121,-0.5399542296591966,-1.3142234508288149,0.5662696822914152
212,09,3,33,25,3,Spiders,0.1,0.4870315634409441,0.7336380171596044,1.0493913800766665
213,09,3,34,21,2,Social,0.246,-0.820301326382912,-0.40485839336542584,-1.916908274856555
214,09,3,35,4,1,Heights,0.912,1.4310575013881492,1.3995510119949992,1.0493913800766665
215,09,3,36,9,1,Heights,0.893,-0.7030132553046229,-0.8237391481812388,-1.045262134796451
216,10,1,1,29,3,Spiders,0.269,-0.7454419022670269,-0.18155379715380654,-0.2195030749891385
217,10,1,2,7,1,Heights,0.207,-0.9966642472072199,-1.0729425620298185,-1.1153336791435517
218,10,1,3,11,1,Heights,0.03,-0.9966642472072199,-1.0729425620298185,-1.582603346125329
219,10,1,4,14,2,Social,0.078,0.8413604601613345,0.7729178649288156,1.1601866517795412
220,10,1,5,36,3,Spiders,0.275,-0.9838467806286386,-1.0729425620298185,-0.2195030749891385
221,10,1,6,27,3,Spiders,0.0,-0.34553694501529125,-1.0729425620298185,0.35006823505965534
222,10,1,7,31,3,Spiders,0.179,-0.9864102739443549,-1.0263160727901501,-0.10890670410587783
223,10,1,8,5,1,Heights,0.111,1.3386781634102878,1.1130169629122786,1.1601866517795412
224,10,1,9,4,1,Heights,0.499,1.074638351891514,1.6697920991271415,1.1242428312424815
225,10,1,10,20,2,Social,0.038,0.27226494407232604,-0.7328434640463556,0.292005140345943
226,10,1,11,13,2,Social,0.254,-0.9043784878414348,1.0581622696891395,-1.380764969263378
227,10,1,12,19,2,Social,0.269,-0.9120689677885835,-1.0674570927075047,-0.21673816571705698
228,10,2,13,33,3,Spiders,0.22,0.8054715537413069,0.7290341103503042,1.1048884663379106
229,10,2,14,1,1,Heights,0.249,1.3848210430931804,0.7646896609453447,1.0247060974475466
230,10,2,15,3,1,Heights,0.303,1.5463211219833044,1.6204228752263163,1.0827691921612586
231,10,2,16,18,2,Social,0.21,-0.49678305064255024,-1.0729425620298185,-0.07572779284089953
232,10,2,17,32,3,Spiders,0.246,-0.9787197939972061,-1.0729425620298185,-0.23056271207746462
233,10,2,18,28,3,Spiders,0.259,0.8951938197913759,0.871656312730466,0.35559805360381835
234,10,2,19,26,3,Spiders,0.246,0.2825189173351911,0.8579426394246812,0.17864386019060077
235,10,2,20,10,1,Heights,0.499,-0.473711610801104,-0.5902212616661936,-0.9881478526278018
236,10,2,21,8,1,Heights,0.499,-0.9966642472072199,-1.0729425620298185,-1.6047226203019813
237,10,2,22,21,2,Social,0.182,-0.9966642472072199,-1.0729425620298185,-1.3862947878075411
238,10,2,23,17,2,Social,0.197,1.5668290685090345,0.29568203388750447,1.1601866517795412
239,10,2,24,23,2,Social,0.187,-0.9966642472072199,-1.0729425620298185,-0.2195030749891385
240,10,3,25,12,1,Heights,0.495,-0.04947476101270668,0.29568203388750447,-1.4941262494187202
241,10,3,26,2,1,Heights,0.425,0.9054477930542408,0.6412666011932814,0.22288240854390517
242,10,3,27,9,1,Heights,0.498,-0.9300134209985972,-0.9522622369389124,-1.4941262494187202
243,10,3,28,34,3,Spiders,0.272,-0.9966642472072199,0.08723419963957547,1.1408322868749705
244,10,3,29,35,3,Spiders,0.29,-0.9966642472072199,-1.0400297460959351,-0.2195030749891385
245,10,3,30,30,3,Spiders,0.252,0.4491459828567475,1.6039664672593745,0.7758642629602095
246,10,3,31,24,2,Social,0.178,-0.8736165680528397,-0.3324042035174393,-1.6047226203019813
247,10,3,32,15,2,Social,0.205,1.5668290685090345,0.7262913756891473,1.1601866517795412
248,10,3,33,25,3,Spiders,0.347,0.6055190751154391,0.7701751302676587,0.9113448172922043
249,10,3,34,22,2,Social,0.202,-0.9966642472072199,-1.0729425620298185,-1.3088773281892585
250,10,3,35,16,2,Social,0.246,1.5668290685090345,1.1047887589288077,1.1601866517795412
251,10,3,36,6,1,Heights,0.345,1.551448108614737,1.6697920991271415,1.1048884663379106
252,11,1,1,34,3,Spiders,0.113,-0.5940615377633377,-1.1682006542780705,0.5927812829628457
253,11,1,2,21,2,Social,0.101,-0.19708487736124214,-0.9459937341829084,0.5927812829628457
254,11,1,3,33,3,Spiders,0.139,-0.5002306907592059,0.6231289784890828,-0.9802935672568086
255,11,1,4,25,3,Spiders,0.114,1.13820025308217,1.2829126027716409,2.4531542345699227
256,11,1,5,26,3,Spiders,0.085,1.939371331348217,0.9889157546457342,-1.0085523969014731
257,11,1,6,5,1,Heights,0.106,-0.12490730274267926,-0.1768159338535012,0.5927812829628457
258,11,1,7,3,1,Heights,0.101,2.2064283574368995,1.2829126027716409,-0.0006541395751078142
259,11,1,8,10,1,Heights,0.186,-0.8683363213138763,-1.3664775983629844,1.464095197006666
260,11,1,9,23,2,Social,0.155,-0.630150325072619,-1.739101510522564,0.008765470306447011
261,11,1,10,16,2,Social,0.124,0.15658523826971554,1.1598441547189355,0.008765470306447011
262,11,1,11,17,2,Social,0.096,-0.8322475340045948,-0.42978996596183944,0.5927812829628457
263,11,1,12,12,1,Heights,0.117,-0.7239811720767506,-0.9186451901711962,-0.2455639964955333
264,11,2,13,29,3,Spiders,0.119,1.3042086747048642,0.3735735143822082,1.515903051355218
265,11,2,14,9,1,Heights,0.166,-1.019909228012858,-1.3630590303615204,-0.1466580927392076
266,11,2,15,15,2,Social,0.109,-0.2764802094416613,0.4624562824202731,-1.4701132810976596
267,11,2,16,4,1,Heights,0.126,0.32981141735426645,0.1376923222811901,-0.5799601472907291
268,11,2,17,7,1,Heights,0.106,-0.7095456571530382,-1.544243134439114,-0.04304238404210453
269,11,2,18,6,1,Heights,0.13,-0.0455119706622603,0.8897772826032772,-0.49518365835673567
270,11,2,19,24,2,Social,0.153,-0.680674627305613,1.1598441547189355,-1.4842426959199913
271,11,2,20,19,2,Social,0.103,-0.25482693705609244,-1.1511078142707505,0.13122039876665975
272,11,2,21,14,2,Social,0.114,-0.31256899675094274,1.060705682676479,-0.10426984827221089
273,11,2,22,30,3,Spiders,0.114,-0.31256899675094274,-0.24518729388278152,-0.3585993150741907
274,11,2,23,35,3,Spiders,0.122,0.28650487258312873,0.16162229829143834,2.189405157886387
275,11,2,24,32,3,Spiders,0.135,-0.911642866085014,1.101728498694047,-1.517211330505433
276,11,3,25,36,3,Spiders,0.093,-0.5868437803014813,-0.2520244298857096,0.5927812829628457
277,11,3,26,28,3,Spiders,0.126,-0.6084970526870501,1.0777985226837987,-1.5595995749724298
278,11,3,27,27,3,Spiders,0.095,3.1230835550926472,1.0777985226837987,0.06057332465499855
279,11,3,28,18,2,Social,0.077,0.6979170479089365,0.8384987625813166,0.02289488512877925
280,11,3,29,1,1,Heights,0.101,2.1125975104327677,0.6607332265051868,0.2301263025229854
281,11,3,30,13,2,Social,0.126,0.4452955367439668,0.9342186666223097,-1.766830992366636
282,11,3,31,20,2,Social,0.106,-0.8899895936994451,0.1000880742650857,-1.1168779105393536
283,11,3,32,22,2,Social,0.108,-0.630150325072619,-1.646800174483035,0.5927812829628457
284,11,3,33,31,3,Spiders,0.126,-0.5724082653777688,-0.1768159338535012,1.1014402165668058
285,11,3,34,11,1,Heights,0.088,-0.7095456571530382,-1.010946526210725,0.3384518161608654
286,11,3,35,2,1,Heights,0.119,-0.23317366467052358,0.4624562824202731,-0.7966111745664901
287,11,3,36,8,1,Heights,0.124,-0.5146662056829184,-1.7014972625064595,0.5927812829628457
288,12,1,1,13,2,Social,0.277,-0.5173801998340983,0.8477118632009139,-1.2192165118899105
289,12,1,2,24,2,Social,0.288,-0.6099992311320971,0.5286505152701146,-0.8169495568468033
290,12,1,3,2,1,Heights,0.67,2.0620598218151645,1.432657667740712,0.7548713230438548
291,12,1,4,3,1,Heights,0.766,2.011119354601265,1.5212858199437116,1.1422395019742544
292,12,1,5,29,3,Spiders,0.272,-0.6146301826969971,0.43411381958691486,-0.5413221987617112
293,12,1,6,34,3,Spiders,0.345,-0.8276539546823939,-0.8657657460570807,-0.42213198986004985
294,12,1,7,28,3,Spiders,0.135,-0.39697545914670024,0.9304314719237137,-0.13905524371860484
295,12,1,8,22,2,Social,0.236,-0.38308260445200043,0.9540656458445136,-1.2937103924534479
296,12,1,9,17,2,Social,0.265,-0.7906063421631944,0.34548566738391506,-0.2582454526202662
297,12,1,10,31,3,Spiders,0.204,-1.397260997165086,-2.006114637735677,0.12912272631013333
298,12,1,11,7,1,Heights,0.852,-1.179606273614789,-1.5629738767206784,-1.0404311985374184
299,12,1,12,10,1,Heights,0.768,-1.0545705813624906,-1.1611929200670796,-0.5264234226490035
300,12,2,13,11,1,Heights,0.737,-0.5034873451393985,-0.3044541154380827,-0.5413221987617112
301,12,2,14,35,3,Spiders,0.184,-0.5636897154830978,0.18595499341851612,-0.4817270943108805
302,12,2,15,33,3,Spiders,0.256,-0.4062373622765001,0.1918635368987161,0.5015921291278244
303,12,2,16,8,1,Heights,0.716,-1.1425586610955893,-1.9115779420524772,-1.4575969296932325
304,12,2,17,4,1,Heights,0.625,1.7471551154019687,1.2790355372555122,0.5164909052405321
305,12,2,18,6,1,Heights,0.807,1.469298021507973,0.6763641022751143,1.201834606425085
306,12,2,19,23,2,Social,0.252,-0.9017491797207929,-1.8052241594088774,-1.1074756910446029
307,12,2,20,14,2,Social,0.226,0.9598933493689804,0.9895169067257136,1.3955186958902848
308,12,2,21,21,2,Social,0.288,-0.5636897154830978,-1.5629738767206784,-1.4575969296932325
309,12,2,22,27,3,Spiders,0.298,-0.9851063078889918,0.239131884740316,0.6431305021985481
310,12,2,23,30,3,Spiders,0.231,0.5801553210471855,0.038241406413516484,0.7772194872129172
311,12,2,24,15,2,Social,0.273,-0.6377849405214967,0.6468213848741143,-0.8467471090722185
312,12,3,25,19,2,Social,0.348,-0.4571778294903994,-0.42262498504208174,0.22596477104273321
313,12,3,26,18,2,Social,0.34,0.37176250062668886,-0.3517224632796826,2.2298501582019137
314,12,3,27,9,1,Heights,0.776,0.6357267398259847,-1.1907356374680795,-0.8914434374103416
315,12,3,28,5,1,Heights,0.675,1.5526551496761718,0.6999982761959143,-0.5413221987617112
316,12,3,29,1,1,Heights,0.634,1.8999765170436667,1.420840580780312,1.484911352566531
317,12,3,30,26,3,Spiders,0.325,0.6033100788716852,-0.009026941428083402,0.6803774424803165
318,12,3,31,12,1,Heights,0.69,-0.6979873108651959,-1.2852723331512794,-0.7946013926777417
319,12,3,32,25,3,Spiders,0.322,0.913583833719981,-0.06811237623008326,1.3731705317212226
320,12,3,33,32,3,Spiders,0.28,-0.5266421029638982,-0.3339968328390826,-1.1223744671573106
321,12,3,34,36,3,Spiders,0.334,-0.19321359029110324,0.29230877606211586,0.6431305021985481
322,12,3,35,16,2,Social,0.204,0.8533814633762818,0.3395771239037151,1.9318746359477603
323,12,3,36,20,2,Social,0.321,-0.30898737941360144,0.8477118632009139,-0.131605855662251
324,13,1,1,27,3,Spiders,0.244,-0.44128114367093596,-1.0437903688850823,0.12136263234815865
325,13,1,2,32,3,Spiders,0.231,-1.0696823723890347,-1.288110611276909,0.12136263234815865
326,13,1,3,4,1,Heights,0.5184882533197136,1.0986471420888004,0.7478914086549809,1.3532470196730184
327,13,1,4,8,1,Heights,0.696,-0.8832336561759725,-1.180609704624505,-0.8128545238387237
328,13,1,5,3,1,Heights,0.677,1.727048370806899,1.2006982578878334,1.3761444989913245
329,13,1,6,16,2,Social,0.106,1.0295920620098884,0.6729665343214873,1.6738117301293014
330,13,1,7,22,2,Social,0.156,-0.7865565440654957,-0.8776526040586399,0.12136263234815865
331,13,1,8,13,2,Social,0.169,-0.741670742014203,1.1322885900181219,-1.7287536965709618
332,13,1,9,12,1,Heights,0.797,-0.7831037900615502,0.7934978539014553,-1.4677224323422737
333,13,1,10,26,3,Spiders,0.187,-0.8556116241444077,0.5459200082777373,-0.24499703674473627
334,13,1,11,33,3,Spiders,0.184,-0.8314423461167886,-0.5388618679419734,0.12136263234815865
335,13,1,12,20,2,Social,0.187,1.0641196020493444,1.1029701609311025,-0.8266157883254597
336,13,2,13,24,2,Social,0.22,-0.9108556882075373,0.5947840567561027,-1.4814609199332573
337,13,2,14,18,2,Social,0.192,1.2333045482426788,1.0052420639743718,1.7058682011749298
338,13,2,15,36,3,Spiders,0.169,-0.9902690302982861,-1.1024272270591207,0.12136263234815865
339,13,2,16,28,3,Spiders,0.134,0.7395607256784582,0.7413762021911989,0.7441740698060804
340,13,2,17,11,1,Heights,0.691,-0.8314423461167886,-0.8776526040586399,-1.1334192342950071
341,13,2,18,14,2,Social,0.199,1.3230761523452643,0.8097858700609105,1.4906318955828544
342,13,2,19,21,2,Social,0.191,-1.0178910623298507,-1.2913682145088,-1.3990299943873559
343,13,2,20,29,3,Spiders,0.153,-0.19958836339474412,0.467737530712353,0.12136263234815865
344,13,2,21,35,3,Spiders,0.179,-0.8763281481680812,-1.3662930888422935,0.12136263234815865
345,13,2,22,7,1,Heights,0.703,-0.9350249662351564,-1.2750801983493447,-1.3257580605687769
346,13,2,23,1,1,Heights,0.774,1.6925208307674433,1.1290309867862307,1.5272678624921439
347,13,2,24,2,1,Heights,0.729,1.4404697884794149,1.0899397480035384,1.0418413009440575
348,13,3,25,31,3,Spiders,0.169,-0.7761982820536589,-1.3239442468277103,0.12136263234815865
349,13,3,26,25,3,Spiders,0.148,-0.2651906894697105,0.38629744991507736,0.12136263234815865
350,13,3,27,19,2,Social,0.226,-0.8314423461167886,-1.1382608626099218,0.12136263234815865
351,13,3,28,17,2,Social,0.186,0.8396905917928806,0.9889540478149166,-0.6113567058376317
352,13,3,29,15,2,Social,0.178,1.0986471420888004,0.8000130603652374,-0.19023602008600024
353,13,3,30,6,1,Heights,0.738,1.32652890634921,1.0866821447716475,0.12136263234815865
354,13,3,31,9,1,Heights,0.787,-0.7382179880102574,-1.297883420972582,-1.3486555398870828
355,13,3,32,34,3,Spiders,0.171,-0.8176313301010061,-1.2294737531028703,0.12136263234815865
356,13,3,33,30,3,Spiders,0.178,0.7602772497021318,0.5817536438285387,1.0510002926713797
357,13,3,34,10,1,Heights,0.743,-0.3687733095880785,0.2071292721610709,-0.7441620858838058
358,13,3,35,5,1,Heights,0.742,1.5509579166056737,1.0801669383078654,1.078477267853347
359,13,3,36,23,2,Social,0.221,-0.973005260278558,-1.3337170565233833,-1.1837936887952802
360,14,1,1,13,2,Social,0.0,-0.7298538708762187,-0.7141807625558652,-2.213202558161408
361,14,1,2,7,1,Heights,0.059,-0.7298538708762187,-0.6583114893261225,-2.213202558161408
362,14,1,3,12,1,Heights,0.005,-0.6957179855123433,-0.7141807625558652,-2.213202558161408
363,14,1,4,3,1,Heights,0.03,-0.7298538708762187,-0.7141807625558652,-0.03615500095012791
364,14,1,5,33,3,Spiders,0.873,0.9874437466602776,1.0683150976311657,0.324103758517219
365,14,1,6,5,1,Heights,0.0,-0.2677064997960607,-0.7141807625558652,-0.6443337669326387
366,14,1,7,16,2,Social,0.0,-0.7298538708762187,-0.7141807625558652,-0.2724537571598934
367,14,1,8,21,2,Social,0.0,-0.6825887988339298,-0.7141807625558652,-0.2724537571598934
368,14,1,9,23,2,Social,0.0,-0.7088471721907569,-0.7141807625558652,-0.25695875675269564
369,14,1,10,31,3,Spiders,0.823,0.25220929266911707,0.8528193294593006,0.21176500556503544
370,14,1,11,29,3,Spiders,0.669,1.895983464806497,1.9462608198128375,1.6605475436380224
371,14,1,12,30,3,Spiders,0.839,1.895983464806497,1.9462608198128375,1.6605475436380224
372,14,2,13,27,3,Spiders,0.821,1.895983464806497,1.8850706634183574,1.6605475436380224
373,14,2,14,34,3,Spiders,1.0,0.17080833526295294,0.13450010221975098,0.5449075143197863
374,14,2,15,26,3,Spiders,0.716,1.895983464806497,1.2492251252322373,1.6605475436380224
375,14,2,16,15,2,Social,0.0,-0.7298538708762187,-0.7141807625558652,-0.2724537571598934
376,14,2,17,1,1,Heights,0.165,-0.7298538708762187,-0.7141807625558652,-0.2802012573634923
377,14,2,18,10,1,Heights,0.0,-0.7298538708762187,-0.7141807625558652,-0.2724537571598934
378,14,2,19,36,3,Spiders,0.951,0.871906903890238,0.9379534600950992,0.1846487548524394
379,14,2,20,4,1,Heights,0.0,-0.7298538708762187,-0.7141807625558652,-0.2724537571598934
380,14,2,21,11,1,Heights,0.0,-0.7298538708762187,-0.7141807625558652,-0.2724537571598934
381,14,2,22,19,2,Social,0.0,-0.7298538708762187,-0.6662928140732285,-0.2724537571598934
382,14,2,23,17,2,Social,0.0,-0.7298538708762187,-0.7141807625558652,-0.2724537571598934
383,14,2,24,24,2,Social,0.0,-0.708236201488139,-0.7141807625558652,-0.26858000705809393
384,14,3,25,9,1,Heights,0.0,-0.7298538708762187,-0.7141807625558652,-0.6443337669326387
385,14,3,26,25,3,Spiders,0.885,1.6701614539377836,1.8398431565180893,1.6605475436380224
386,14,3,27,28,3,Spiders,0.974,1.895983464806497,1.9462608198128375,1.6605475436380224
387,14,3,28,35,3,Spiders,1.0,1.1239872881157786,1.1428074619374893,0.8470600222601422
388,14,3,29,14,2,Social,0.0,-0.7298538708762187,-0.7141807625558652,-0.01678625044113117
389,14,3,30,18,2,Social,0.0,-0.7298538708762187,-0.4933641112192628,-0.1717362545131081
390,14,3,31,32,3,Spiders,1.0,0.40188202080303187,0.04670553000158372,0.29311375770282355
391,14,3,32,20,2,Social,0.0,-0.7298538708762187,-0.7141807625558652,-0.4002875105192747
392,14,3,33,22,2,Social,0.0,-0.7298538708762187,-0.7141807625558652,-1.132426279759367
393,14,3,34,2,1,Heights,0.0,-0.3648624812163211,-0.5705169171079553,0.03357250088226191
394,14,3,35,6,1,Heights,0.0,0.8771585785616034,0.9618974343364175,0.5371600141161874
395,14,3,36,8,1,Heights,0.0,-0.7298538708762187,-0.7141807625558652,-0.26858000705809393
396,15,1,1,12,1,Heights,0.283,-1.421010770187237,0.2021116154541513,-2.087078620233872
397,15,1,2,1,1,Heights,0.0,1.3255278013519431,-0.2701981748217741,0.4527664961476861
398,15,1,3,25,3,Spiders,0.63,0.654268449238068,0.9927931902864411,1.0883519868291083
399,15,1,4,20,2,Social,0.748,-0.3084963730949151,-0.2701981748217741,-0.1441031270810606
400,15,1,5,10,1,Heights,0.324,-0.5466116698468096,-0.6025643235344622,-0.6054672142254434
401,15,1,6,5,1,Heights,0.353,1.0120752112079483,0.6884157698864004,-0.24089279571274938
402,15,1,7,14,2,Social,0.665,0.9941848731094545,0.5204834000105157,1.2303101674889185
403,15,1,8,18,2,Social,0.722,0.403803715859152,0.42602144195533054,0.756040791193644
404,15,1,9,22,2,Social,0.7048408682206062,-1.3852300939902489,-1.753600775392088,-0.3796246540848366
405,15,1,10,32,3,Spiders,0.66,0.7317932476648754,0.5834580387139725,-0.7796886177624832
406,15,1,11,33,3,Spiders,0.646,0.6155060500246646,1.6235907822599092,1.2303101674889185
407,15,1,12,28,3,Spiders,0.768,1.1969420382257199,0.709407316120886,1.2303101674889185
408,15,2,13,24,2,Social,0.716,-1.421010770187237,0.5834580387139725,-1.4249530753070743
409,15,2,14,3,1,Heights,0.124,1.366900250161413,-0.2701981748217741,0.8883200049902853
410,15,2,15,2,1,Heights,0.787,1.1879968691764728,0.6289397222220245,-0.060218747600264015
411,15,2,16,26,3,Spiders,0.657,1.313229235865931,1.0382748737944931,0.914130583292069
412,15,2,17,23,2,Social,1.0048712513601743,-1.051277116151694,-2.0159951033231573,-0.5893356027868286
413,15,2,18,17,2,Social,0.407,-0.11939253673791386,-0.2701981748217741,0.30758199320015295
414,15,2,19,15,2,Social,0.573,0.3655284903119636,0.7024101340427241,1.2303101674889185
415,15,2,20,30,3,Spiders,0.568,0.5588533127127668,0.42952003299441144,1.1819153331730743
416,15,2,21,35,3,Spiders,1.9261164274322171,-1.0751309002830194,-1.053882567575902,-0.2699296963022564
417,15,2,22,36,3,Spiders,0.582,0.2129734428085494,0.7898749100197474,-0.002144946421250751
418,15,2,23,9,1,Heights,0.378,-1.1526556987098266,0.4750017165024636,0.594724676807496
419,15,2,24,7,1,Heights,0.413,-0.46089595890139173,-0.7005248726287283,-0.12474519335472284
420,15,3,25,34,3,Spiders,0.615,-0.5384207573281992,-1.6381472711024172,-0.2505717625759186
421,15,3,26,31,3,Spiders,0.418,-1.421010770187237,-2.0159951033231573,-0.3957562655234514
422,15,3,27,4,1,Heights,0.594,0.412748884908399,0.0936552932426424,-1.7346800149284785
423,15,3,28,11,1,Heights,0.434,-0.8097575518220249,-0.11626016910221311,-2.266507380199494
424,15,3,29,6,1,Heights,0.407,0.48132851428595946,0.9018298232703369,-0.002144946421250751
425,15,3,30,13,2,Social,0.352,-0.32373670014627104,1.0347762827554123,0.4785770744494698
426,15,3,31,8,1,Heights,0.582,-1.421010770187237,0.01668629038286191,-1.6443429908722356
427,15,3,32,16,2,Social,0.365,0.8242266611737613,0.401531304681764,1.0044676073483114
428,15,3,33,19,2,Social,0.334,-1.421010770187237,-2.0159951033231573,-0.711935849720301
429,15,3,34,21,2,Social,0.636,-1.4090838781215742,-1.7640965485093307,-1.0958682019593329
430,15,3,35,29,3,Spiders,7.579427560291915,1.2937547410021963,0.9997903723646029,1.0496361193764328
431,15,3,36,27,3,Spiders,36.15435853165554,1.3341012969808406,0.9158241874266606,1.1722363663099054
432,16,1,1,16,2,Social,0.0,-0.6451969099915574,-1.3340400330341842,0.08449037546589591
433,16,1,2,21,2,Social,0.0,-0.6451969099915574,-0.9128482027917788,-0.49910112305974924
434,16,1,3,13,2,Social,0.143,0.7182252520016574,0.25819271917006026,-1.1334397084137111
435,16,1,4,1,1,Heights,0.0,-0.6451969099915574,0.9857058804978512,0.07180360375881666
436,16,1,5,26,3,Spiders,0.0,-0.6451969099915574,-0.39912180378399664,0.08766206839266572
437,16,1,6,33,3,Spiders,0.0,-0.6451969099915574,-1.3340400330341842,-1.5045277808457787
438,16,1,7,36,3,Spiders,0.0,-0.30586986967486046,-1.3340400330341842,0.08449037546589591
439,16,1,8,10,1,Heights,0.0,-0.6451969099915574,0.9282706309193414,-0.9780267550019902
440,16,1,9,11,1,Heights,0.0,-0.6451969099915574,0.27414695516409077,-0.6481706906179301
441,16,1,10,6,1,Heights,0.0,1.1981743090261747,1.135675698841738,1.1818961281282498
442,16,1,11,27,3,Spiders,0.0,-0.6451969099915574,-0.41507603977802715,0.9535342374008238
443,16,1,12,24,2,Social,0.148,2.393461451042648,1.0208051996847183,0.9693927020346729
444,16,2,13,19,2,Social,0.247,-0.6451969099915574,-1.3340400330341842,0.08449037546589591
445,16,2,14,7,1,Heights,0.0,-0.6451969099915574,-1.0851539515273083,-1.1429547871940204
446,16,2,15,2,1,Heights,0.0,1.4519053391728942,1.1452482404381565,1.667165145924031
447,16,2,16,31,3,Spiders,0.0,-0.6451969099915574,-1.2127878394795524,0.08449037546589591
448,16,2,17,32,3,Spiders,0.0,-0.6451969099915574,-1.2702230890580621,-0.835300573297349
449,16,2,18,17,2,Social,0.0,-0.6451969099915574,0.7878733541718731,-1.0192587630499979
450,16,2,19,20,2,Social,0.202,-0.09799384497634343,0.976133338901433,-0.7940685652493414
451,16,2,20,14,2,Social,0.282,1.1737183061204668,0.5868499806470886,1.667165145924031
452,16,2,21,12,1,Heights,0.0,-0.6451969099915574,0.5613232030566397,-1.5045277808457787
453,16,2,22,5,1,Heights,0.0,1.7056363693196135,1.856807165771917,0.7600609688678652
454,16,2,23,25,3,Spiders,0.0,-0.6451969099915574,-0.42464858137444544,0.08449037546589591
455,16,2,24,28,3,Spiders,0.0,0.8557902683462643,0.538987272664997,0.9345040798402049
456,16,3,25,34,3,Spiders,0.015,-0.6451969099915574,-0.6416261908932602,-1.2825092759718921
457,16,3,26,35,3,Spiders,0.0,-0.6451969099915574,-0.8490312588156568,0.08449037546589591
458,16,3,27,30,3,Spiders,0.0,1.1706613057572532,0.7878733541718731,1.667165145924031
459,16,3,28,22,2,Social,0.299,-0.6451969099915574,-0.47570213655534294,-1.184186795242028
460,16,3,29,9,1,Heights,0.0,-0.6451969099915574,-0.5586641637243016,-1.5045277808457787
461,16,3,30,8,1,Heights,0.0,-0.6451969099915574,-0.9734742995690948,0.08449037546589591
462,16,3,31,3,1,Heights,0.0,2.078590413631659,1.7738451386029581,1.667165145924031
463,16,3,32,29,3,Spiders,0.0,-0.6451969099915574,-1.2766047834556744,0.5412141569207486
464,16,3,33,18,2,Social,0.499,2.411803453221929,1.359035002758165,1.667165145924031
465,16,3,34,15,2,Social,0.499,-0.6451969099915574,0.7687282709790365,-0.7433214784210245
466,16,3,35,23,2,Social,0.417,-0.6451969099915574,-0.7405424540562494,0.08449037546589591
467,16,3,36,4,1,Heights,0.0,0.08542617681646573,0.8261635205575464,0.26210517936500505
468,17,1,1,16,2,Social,0.696,1.3020667628525089,-1.0346589159919866,0.40206487583597444
469,17,1,2,36,3,Spiders,0.0,-0.47756919765126876,0.4101994676389332,-0.725928528277525
470,17,1,3,12,1,Heights,0.249,-0.33903466180366937,0.5424087315005861,-0.356250017685706
471,17,1,4,6,1,Heights,0.522,1.9272482579596248,0.9421843627012981,0.40206487583597444
472,17,1,5,5,1,Heights,2.1670909090909083,2.2362868379273464,1.0145846738636315,0.40206487583597444
473,17,1,6,19,2,Social,0.233,-0.8469946265782008,-1.8121753010831347,0.40206487583597444
474,17,1,7,17,2,Social,0.571,-0.2857521480161311,-1.7492185087680623,0.40206487583597444
475,17,1,8,21,2,Social,0.231,-0.8469946265782008,-1.9664194422550632,0.45419902476559004
476,17,1,9,10,1,Heights,0.683,0.10143411883998035,0.5738871276581226,-0.23302384748843288
477,17,1,10,28,3,Spiders,0.0,-0.8469946265782008,0.3629818734026286,-1.0102966133481555
478,17,1,11,25,3,Spiders,0.109,-0.7723991072756472,0.6148090426629195,0.3594096630753799
479,17,1,12,31,3,Spiders,0.036,-0.7759512748614831,-1.0692851517652766,0.3831070034979324
480,17,2,13,3,1,Heights,0.693,2.094200134493911,0.8949667684649935,0.40206487583597444
481,17,2,14,18,2,Social,0.184,-0.4242866838637306,-1.6925573956844968,0.501593705610695
482,17,2,15,14,2,Social,0.275,-0.026443914250111496,0.42908650533345505,1.4494873225127953
483,17,2,16,27,3,Spiders,0.0,-0.5983428955696889,1.0838371454102116,-1.4652855494611634
484,17,2,17,35,3,Spiders,0.002,-0.7120122583164371,-0.5593351340131871,0.40206487583597444
485,17,2,18,24,2,Social,0.299,-0.12235243906768045,0.7627575046033406,-0.1619318262207753
486,17,2,19,20,2,Social,0.142,-0.24667830457193632,-1.6170092449064095,0.3594096630753799
487,17,2,20,4,1,Heights,0.602,1.8846222469295941,0.7879402215293697,-0.2709395921645169
488,17,2,21,11,1,Heights,0.677,-0.37810850524786405,-0.8709712559727973,-1.3894540601089953
489,17,2,22,7,1,Heights,8.821454870461503,-0.2857521480161311,0.4951911372642815,-0.8396757623057771
490,17,2,23,26,3,Spiders,0.0,-0.839890291406529,1.0555065888684287,-1.6406458685880523
491,17,2,24,34,3,Spiders,0.0,-0.47756919765126876,-0.8174579825049855,0.416283280089506
492,17,3,25,8,1,Heights,0.766,-0.8469946265782008,-0.5662960107459838,0.40206487583597444
493,17,3,26,33,3,Spiders,0.065,-0.4811213652371047,0.1992942133834393,-0.5790050176576993
494,17,3,27,29,3,Spiders,0.1,-0.8469946265782008,0.0009803175909603144,-1.133522783545428
495,17,3,28,9,1,Heights,0.68,-0.07617426045181391,0.46056490149099144,-1.1809174643905331
496,17,3,29,1,1,Heights,0.755,2.0764392965647316,0.8036794196081379,1.615368705470663
497,17,3,30,2,1,Heights,0.797,1.8917265821012659,0.917001645775269,1.8570815777806988
498,17,3,31,23,2,Social,0.392,-0.6374167390138836,-1.9664194422550632,0.40206487583597444
499,17,3,32,13,2,Social,0.0,-0.6196559010847041,0.6085133634314123,-1.1809174643905331
500,17,3,33,22,2,Social,0.179,0.4957247208677634,0.9201494853910226,-1.0008176771791344
501,17,3,34,32,3,Spiders,0.134,-0.4988822031662841,0.9044102873122544,-1.7354352302782619
502,17,3,35,30,3,Spiders,0.413,-0.8469946265782008,0.5581479295793543,2.117752322428776
503,17,3,36,15,2,Social,0.667,0.1476122974558469,0.37872107148139683,1.7717711522595097
504,18,1,1,36,3,Spiders,0.238,-1.0745947124931026,-1.3012282096027439,-1.312193292826695
505,18,1,2,29,3,Spiders,0.221,0.510559412122733,0.4720870274276761,0.388082939896227
506,18,1,3,19,2,Social,0.356,-1.0745947124931026,-1.3012282096027439,-1.1729125504243536
507,18,1,4,18,2,Social,0.361,0.9615544408434002,0.6349738689573335,0.6666444247009097
508,18,1,5,2,1,Heights,0.838,1.5940149249072944,1.3971613538508243,1.2973496733152856
509,18,1,6,26,3,Spiders,0.197,0.7560714987635698,0.7794206906911807,0.8716236305005818
510,18,1,7,31,3,Spiders,0.321,-1.0745947124931026,-1.3012282096027439,-0.019247533167224256
511,18,1,8,10,1,Heights,0.695,-1.0745947124931026,-0.13643362583406235,-0.287297263828334
512,18,1,9,3,1,Heights,0.68,1.5940149249072944,1.7721084230322997,1.3157452430665382
513,18,1,10,11,1,Heights,0.868,-0.6262682934098359,-0.40688724950594624,-0.681488044212319
514,18,1,11,20,2,Social,0.319,-0.28735486945998556,-0.25629375450682895,-0.5737425642406964
515,18,1,12,17,2,Social,0.309,-1.0745947124931026,-1.3012282096027439,-0.9889568529118273
516,18,2,13,15,2,Social,0.342,0.9909091468548047,0.8439607599765163,0.7586222734571729
517,18,2,14,34,3,Spiders,0.291,-1.0745947124931026,-0.36693387328169064,-0.5737425642406964
518,18,2,15,33,3,Spiders,0.204,-1.0132166908328935,-1.3012282096027439,-0.9206304509786032
519,18,2,16,6,1,Heights,0.8279489274770168,1.3218167418924538,1.5877082250741967,1.3157452430665382
520,18,2,17,1,1,Heights,0.76,1.1617001636484299,1.0375809678325243,1.1186498528745459
521,18,2,18,24,2,Social,0.238,-1.0745947124931026,-1.3012282096027439,0.9767411719363112
522,18,2,19,23,2,Social,0.62,-1.0745947124931026,-1.3012282096027439,-1.312193292826695
523,18,2,20,13,2,Social,0.195,-0.14858716831516494,-0.535967388076618,-0.547463178881764
524,18,2,21,9,1,Heights,0.795,-0.6437042148760984,0.5933346699587221,-2.2065569744861384
525,18,2,22,12,1,Heights,0.821,0.7133737445651634,0.5489204432435523,-0.5448352403458708
526,18,2,23,28,3,Spiders,0.345,0.8494728360725835,0.7241006313037499,0.4432696491499846
527,18,2,24,27,3,Spiders,0.34,1.0682988263394162,0.797860710486991,0.42224614086283874
528,18,3,25,5,1,Heights,0.686,1.052287168515014,0.7548339976301004,1.1606968694488378
529,18,3,26,7,1,Heights,0.854,-0.5648902717496268,-0.895547774094918,-1.1545169806731008
530,18,3,27,22,2,Social,0.059,-1.0745947124931026,0.6370782828071377,0.004403913655814864
531,18,3,28,21,2,Social,0.282,-0.9598444980848856,-1.3012282096027439,-1.1624007962807805
532,18,3,29,16,2,Social,0.217,1.2684445491444458,1.2926679083412327,1.1869762548077698
533,18,3,30,30,3,Spiders,0.002,0.684019038553759,0.6933672649773994,0.6193415310548315
534,18,3,31,25,3,Spiders,0.13,-1.0745947124931026,-1.3012282096027439,0.21201105799138048
535,18,3,32,8,1,Heights,0.799,-0.19662214178837198,-0.4560606356281068,-1.2754021533241897
536,18,3,33,4,1,Heights,0.711,1.0442813396028126,1.154367759872656,0.7244590724905609
537,18,3,34,35,3,Spiders,0.231,-0.7223382403562502,-0.9846745364413344,1.2605585338127803
538,18,3,35,32,3,Spiders,0.243,-1.0745947124931026,-0.7603209622589762,-1.312193292826695
539,18,3,36,14,2,Social,0.122,1.4125494695640675,0.7886407005890859,1.3026055503870722
540,19,1,1,5,1,Heights,0.774,1.2806242546151358,0.25074338187833456,0.022571934046017872
541,19,1,2,35,3,Spiders,0.0,-0.7788565207162432,-2.4475871546535806,0.46490881172849813
542,19,1,3,28,3,Spiders,0.0,-0.7918912091677076,-2.4475871546535806,0.46490881172849813
543,19,1,4,26,3,Spiders,0.0,-0.7918912091677076,-2.4475871546535806,0.46759652012763125
544,19,1,5,22,2,Social,0.6009875035794058,-0.7918912091677076,0.25074338187833456,-0.881633096237195
545,19,1,6,14,2,Social,0.345,0.7305604019633369,0.25074338187833456,0.8573142380019337
546,19,1,7,36,3,Spiders,0.0,-0.7918912091677076,0.23452095380299237,-0.881633096237195
547,19,1,8,4,1,Heights,0.7647701736465778,1.8150464811251772,0.8077134124650824,1.7254440509219313
548,19,1,9,9,1,Heights,0.649,-0.7918912091677076,0.25074338187833456,-0.881633096237195
549,19,1,10,10,1,Heights,0.639,-0.7918912091677076,0.25074338187833456,-0.881633096237195
550,19,1,11,17,2,Social,0.246,0.8322309718847595,0.25074338187833456,0.8600019464010669
551,19,1,12,20,2,Social,0.389,-0.7918912091677076,0.21829852572765018,-0.881633096237195
552,19,2,13,32,3,Spiders,0.0,-0.7918912091677076,0.25074338187833456,-0.8601314290441301
553,19,2,14,6,1,Heights,0.616,1.8150464811251772,0.25074338187833456,1.292722998661499
554,19,2,15,13,2,Social,0.366,0.7383812150342156,0.25074338187833456,0.6691746500626151
555,19,2,16,24,2,Social,0.384,1.2467340646413283,0.25074338187833456,1.451297794210353
556,19,2,17,12,1,Heights,0.649,0.17716494950905765,-1.7481132414645821,-1.5931521619322009
557,19,2,18,3,1,Heights,0.7734082397003744,1.8150464811251772,1.9233813119067515,0.5814477869557563
558,19,2,19,8,1,Heights,0.862490806945863,-0.7918912091677076,0.2453359058532205,-0.881633096237195
559,19,2,20,15,2,Social,0.397,0.716095979867797,0.23452095380299237,1.806075302895925
560,19,2,21,23,2,Social,0.599,-0.7918912091677076,0.25074338187833456,-0.881633096237195
561,19,2,22,25,3,Spiders,0.0,-0.7764298708269348,1.6978027813713095,0.9289496652793042
562,19,2,23,30,3,Spiders,0.017,-0.7918912091677076,0.25074338187833456,-0.881633096237195
563,19,2,24,34,3,Spiders,0.021,-0.7918912091677076,0.25074338187833456,-0.881633096237195
564,19,3,25,29,3,Spiders,0.0,-0.7918912091677076,0.30481814212947517,-0.881633096237195
565,19,3,26,31,3,Spiders,0.0,-0.7918912091677076,0.21829852572765018,-0.881633096237195
566,19,3,27,1,1,Heights,0.597,1.8150464811251772,0.25074338187833456,1.806075302895925
567,19,3,28,11,1,Heights,0.706,0.6497453335642577,0.25074338187833456,0.6611115248652161
568,19,3,29,7,1,Heights,0.652,-0.12069312344121721,0.37356338523538035,0.4541579781319657
569,19,3,30,18,2,Social,0.363,-0.7918912091677076,0.25074338187833456,-0.881633096237195
570,19,3,31,2,1,Heights,0.613,1.8020117926737125,0.25074338187833456,0.9218192395811287
571,19,3,32,27,3,Spiders,0.0,-0.7918912091677076,0.25074338187833456,-0.881633096237195
572,19,3,33,33,3,Spiders,0.0,-0.7918912091677076,0.25074338187833456,-0.881633096237195
573,19,3,34,16,2,Social,0.379,0.9625778563994039,0.25074338187833456,1.2362811222797037
574,19,3,35,21,2,Social,0.392,-0.7710357076453646,0.25074338187833456,-0.881633096237195
575,19,3,36,19,2,Social,0.387,-0.48714696617291403,-2.432990212042197,-0.9940796442407168
576,23,1,1,33,3,Spiders,0.225,-1.086777230310419,-1.781088929985092,-1.8412766667663283
577,23,1,2,31,3,Spiders,0.173,-1.086777230310419,-1.95367425871858,-1.0709060527166088
578,23,1,3,11,1,Heights,0.693,-1.5561755845941803,-0.9631845459872569,-1.8412766667663283
579,23,1,4,7,1,Heights,0.226,-1.5561755845941803,-1.4321664175456486,-1.5822139823956263
580,23,1,5,23,2,Social,0.257,-1.5561755845941803,-1.95367425871858,-1.2822466636506025
581,23,1,6,14,2,Social,0.259,0.7833654192963123,-0.11526532220968504,1.454955119897737
582,23,1,7,29,3,Spiders,0.243,0.22455785467278697,-1.5972480363342025,0.398252065227768
583,23,1,8,27,3,Spiders,0.381,1.0962976554854864,0.24866461011962673,1.3117888995876124
584,23,1,9,5,1,Heights,0.265,1.0962976554854864,1.6818732096020714,0.18691145429377398
585,23,1,10,2,1,Heights,0.379,0.01221098011584737,-0.24282839127356745,-0.031246595702606583
586,23,1,11,18,2,Social,0.347,0.5337647070978045,-0.2615876661359031,1.315197619118806
587,23,1,12,20,2,Social,0.337,-0.08464899775223023,-1.184543989362818,0.5686880417874406
588,23,2,13,30,3,Spiders,2.174242424242424,0.32141783254086476,0.09108670127600743,0.8175245675645623
589,23,2,14,34,3,Spiders,0.413,-1.2320671971125357,-1.158281004555548,0.2209986496057085
590,23,2,15,13,2,Social,0.308,0.46298241557882464,0.20739420542248824,-0.474380134757755
591,23,2,16,16,2,Social,0.345,1.357074518976465,0.9877800396956521,1.0936308495912315
592,23,2,17,21,2,Social,0.395,-1.1016787653670463,1.0590652841725277,-1.2754292245882155
593,23,2,18,4,1,Heights,0.238,1.6066752311749728,1.3592136819698981,1.195892435527035
594,23,2,19,1,1,Heights,0.26,0.9957122938532521,1.0965838338971987,0.8856989581884313
595,23,2,20,10,1,Heights,0.538,-0.9303111122158318,0.11359783111081025,-1.1595327605276384
596,23,2,21,19,2,Social,0.41,-0.7552180753004606,-0.7868473622813017,0.0641975511708097
597,23,2,22,32,3,Spiders,0.413,0.48533471816376567,0.04231258663393467,0.11532834413871186
598,23,2,23,28,3,Spiders,0.439,0.7945415705887828,1.6593620797672686,0.8891076777196244
599,23,2,24,12,1,Heights,0.404,-0.10700130033717126,0.8527132606868352,-1.087949650372576
600,23,3,25,3,1,Heights,0.41,1.2080591684101916,1.0590652841725277,1.2129360331830024
601,23,3,26,17,2,Social,0.413,0.03828866646494524,-0.5129619492912011,-0.13350818163841016
602,23,3,27,8,1,Heights,0.381,-0.9861918686781843,0.2261534802848239,-0.9175136738129034
603,23,3,28,6,1,Heights,0.334,0.6567023713149798,0.4137462289081807,1.090222130060038
604,23,3,29,9,1,Heights,0.48,-1.5561755845941803,0.21864977033988964,-1.571987823802046
605,23,3,30,26,3,Spiders,0.426,1.5209914045993655,1.3704692468872997,1.2504319480261303
606,23,3,31,35,3,Spiders,0.573,0.09416942292729781,0.5000388932749248,0.7016281035039849
607,23,3,32,22,2,Social,0.542,-1.5561755845941803,-0.06273935259514514,-0.4334755003834336
608,23,3,33,15,2,Social,0.365,1.0962976554854864,0.6688723670359455,-0.27326568241734167
609,23,3,34,24,2,Social,0.56,0.4965108694562362,0.08358299133107316,0.2209986496057085
610,23,3,35,25,3,Spiders,0.54,0.7349354303622734,0.44000921371545065,0.2789468816359972
611,23,3,36,36,3,Spiders,0.573,-0.4646381416962275,-0.37414331530991723,-0.2971267191356958
612,25,1,1,12,1,Heights,0.706,0.22581675286615002,-0.1408384075289984,-0.00994079055812619
613,25,1,2,5,1,Heights,0.838,0.8984918487469277,1.0154741529556033,0.8289028798987971
614,25,1,3,24,2,Social,0.369,0.17848035723009528,0.012797527080843918,-0.15022522691440393
615,25,1,4,26,3,Spiders,1.0,0.7988362789868123,1.0154741529556033,0.8289028798987971
616,25,1,5,17,2,Social,0.55,-1.5605093350839148,-0.7904219205285063,-1.1408051244505657
617,25,1,6,22,2,Social,0.356,-1.283965128999595,-1.0518725460926237,-1.043464903305394
618,25,1,7,16,2,Social,0.381,0.8984918487469277,0.19338713442925476,0.3708312509803405
619,25,1,8,30,3,Spiders,1.0,0.8984918487469277,1.0154741529556033,0.8289028798987971
620,25,1,9,33,3,Spiders,1.0,0.8984918487469277,1.0154741529556033,0.8289028798987971
621,25,1,10,34,3,Spiders,0.966,-0.6187642008508262,-0.6610442913833762,0.8289028798987971
622,25,1,11,11,1,Heights,0.912,-1.5928973952559522,-1.6394626117934237,-0.06433679649219327
623,25,1,12,4,1,Heights,1.0,0.8984918487469277,1.0154741529556033,0.8289028798987971
624,25,2,13,1,1,Heights,0.308,0.8984918487469277,1.0154741529556033,0.8289028798987971
625,25,2,14,7,1,Heights,1.0,0.17349757874208951,-0.4777593167611083,-0.10728101170329829
626,25,2,15,14,2,Social,0.394,-0.8056183941510422,-0.3591631567114056,0.4738973674869933
627,25,2,16,28,3,Spiders,1.0,0.8984918487469277,0.16104272714297246,0.8289028798987971
628,25,2,17,25,3,Spiders,1.0,0.8984918487469277,1.0154741529556033,0.8289028798987971
629,25,2,18,32,3,Spiders,1.0,0.8984918487469277,1.0154741529556033,0.8289028798987971
630,25,2,19,18,2,Social,0.319,0.8984918487469277,1.0154741529556033,0.8289028798987971
631,25,2,20,21,2,Social,0.392,-1.5928973952559522,-1.3860980880508769,-1.4013333633979381
632,25,2,21,20,2,Social,0.246,-1.0697056540153476,-0.9737068951507742,-1.2753636654453624
633,25,2,22,36,3,Spiders,1.0,0.8984918487469277,1.0154741529556033,0.8289028798987971
634,25,2,23,9,1,Heights,0.799,-1.5032073824718484,-1.6798931209012768,-2.034044800841556
635,25,2,24,3,1,Heights,0.696,0.8984918487469277,1.0154741529556033,0.8289028798987971
636,25,3,25,19,2,Social,0.272,-1.5928973952559522,-1.3995749244201614,-1.3784297819520153
637,25,3,26,13,2,Social,0.4793210010881396,0.043945338053939915,-1.5909460008639997,-1.2381453455957379
638,25,3,27,23,2,Social,0.407,-1.5928973952559522,-1.6798931209012768,-2.034044800841556
639,25,3,28,27,3,Spiders,1.0,0.8984918487469277,1.0154741529556033,0.8289028798987971
640,25,3,29,10,1,Heights,0.774,0.3553689935542999,0.17451956351225656,0.6428112806506743
641,25,3,30,8,1,Heights,0.735,-0.6760661534628924,-0.0006793092884404947,-1.1465310198120464
642,25,3,31,6,1,Heights,0.737,0.3279637118702682,0.11252611621354858,0.07881058754482452
643,25,3,32,15,2,Social,0.391,-1.5928973952559522,-1.224376051619464,-2.034044800841556
644,25,3,33,29,3,Spiders,0.911,0.8984918487469277,1.0154741529556033,0.8289028798987971
645,25,3,34,35,3,Spiders,1.0,0.7365515478867406,1.0154741529556033,0.8289028798987971
646,25,3,35,31,3,Spiders,1.0,-0.8355150650790768,-0.8306556007172105,-0.5997080127906391
647,25,3,36,2,1,Heights,0.29,0.8984918487469277,1.0154741529556033,0.8289028798987971
648,26,1,1,35,3,Spiders,1.3757974481658692,-0.3050546629606844,-0.5197841724752349,2.5488909942164897
649,26,1,2,13,2,Social,0.104,-0.3581250114091961,-0.03989800717746395,1.0053685947606807
650,26,1,3,1,1,Heights,0.35,1.4048428032222675,0.4637448989766321,-0.25182602414571403
651,26,1,4,12,1,Heights,0.35,-0.48952774711560193,-0.42475720904993375,1.3301438713115012
652,26,1,5,10,1,Heights,0.387,0.2360438804806389,1.0481607240422341,-0.9118531990715726
653,26,1,6,30,3,Spiders,0.332,0.7959337978383684,1.7955434975975004,-0.9118531990715726
654,26,1,7,34,3,Spiders,0.327,-0.9351544160329782,-0.8048650627511384,-0.9118531990715726
655,26,1,8,28,3,Spiders,0.213,0.5502678136916097,-0.3344815937958977,-0.16801304955195423
656,26,1,9,20,2,Social,0.117,-1.0894098014274547,-1.1279567383971623,-0.7651804935324928
657,26,1,10,19,2,Social,0.064,-0.5409462089137608,-0.5958057432154759,0.2405752015926237
658,26,1,11,18,2,Social,0.08,0.45217248777043456,1.0481607240422341,-0.9118531990715726
659,26,1,12,4,1,Heights,0.179,1.2374913592457697,1.0481607240422341,1.8958814498193788
660,26,2,13,11,1,Heights,1.1742272727272722,-0.6723489446201666,-0.766854277381018,-0.3565922423879138
661,26,2,14,3,1,Heights,4.475400068096694,1.658621323563033,1.342744310660668,-0.23087278049727408
662,26,2,15,7,1,Heights,0.309,-0.923728091188943,1.0481607240422341,1.5396763077958997
663,26,2,16,23,2,Social,0.078,-0.7409068936843783,-0.9901676414304756,0.8377426455731611
664,26,2,17,24,2,Social,0.051,-0.1733816535348997,1.0481607240422341,1.3510971149599411
665,26,2,18,5,1,Heights,0.15,1.790024059269439,1.0481607240422341,0.3558180416590434
666,26,2,19,26,3,Spiders,0.155,0.8840443276794151,-0.695584054812042,-1.2785349629192717
667,26,2,20,36,3,Spiders,0.129,-0.8894491166568371,-0.9901676414304756,-0.5242181915754335
668,26,2,21,14,2,Social,0.062,-0.13531167695050791,-0.9188974188614997,0.4082011507801433
669,26,2,22,15,2,Social,0.088,1.6129160241868918,1.1669444283238608,-0.4718350824543347
670,26,2,23,25,3,Spiders,0.095,-0.569512021023849,-0.8808866334913793,-0.6604142752902932
671,26,2,24,31,3,Spiders,0.103,-1.0151386899412254,-1.0519351676569215,-0.7756571153567129
672,26,3,25,27,3,Spiders,0.082,-0.6552094573541136,1.0481607240422341,0.48153750354968317
673,26,3,26,32,3,Spiders,0.117,-0.6723489446201666,-0.942654159717825,-0.2203961586730553
674,26,3,27,2,1,Heights,0.286,1.7043266229391743,1.2809767844342224,0.6491634527372028
675,26,3,28,8,1,Heights,0.238,-0.9522939032990312,-1.089945953027042,-1.3099648283919316
676,26,3,29,9,1,Heights,0.195,-0.986572877831137,-0.9331514633752949,-1.0375726609622122
677,26,3,30,16,2,Social,0.057,1.5953581763002984,1.0481607240422341,1.9482645589404788
678,26,3,31,6,1,Heights,0.298,1.8700083331776853,1.5518036301963303,0.3243881761863835
679,26,3,32,29,3,Spiders,0.204,-0.8665964669687666,-0.9331514633752949,-0.2832558896183751
680,26,3,33,33,3,Spiders,0.13,-0.7580463809504313,-0.8191191072649336,-0.7756571153567129
681,26,3,34,17,2,Social,0.064,-0.03247475335419036,1.0481607240422341,-0.09467669678241555
682,26,3,35,22,2,Social,0.083,-1.0039482747414492,-1.1422107829109576,-0.6394610316418532
683,26,3,36,21,2,Social,0.048,-1.0265650147852605,-1.0329297749718611,-1.4252076684583515
684,28,1,1,11,1,Heights,0.199,-1.1137042158550285,-1.5209308916176116,-0.7045477584306568
685,28,1,2,1,1,Heights,0.186,-0.4237842804149239,-0.24745942600032259,-0.6192078925559773
686,28,1,3,10,1,Heights,0.189,-0.8154418856865989,-0.8883842096827081,-1.2023636426996194
687,28,1,4,35,3,Spiders,0.899,0.5915127424816499,1.0888478027230823,0.7568974446732274
688,28,1,5,32,3,Spiders,0.914,1.2603434222532797,0.4604901716619199,1.1515943243436193
689,28,1,6,30,3,Spiders,0.875,1.5405292475630163,1.5580215005820834,1.2796041231556385
690,28,1,7,17,2,Social,0.134,-0.3213507528823318,0.6139131815546746,-0.4947539214887365
691,28,1,8,29,3,Spiders,0.878,1.3115601860195758,0.9129076660259566,1.1729292908122892
692,28,1,9,20,2,Social,0.291,-1.2402397498658775,-1.546065196860058,-0.7223268971545479
693,28,1,10,18,2,Social,0.096,-0.5442943128062084,-0.16367840852550133,-0.5089772324678498
694,28,1,11,24,2,Social,0.135,-1.2613290055343522,0.1086098982676692,-1.2414777478921808
695,28,1,12,6,1,Heights,0.352,0.184791383161064,-0.09665359454564398,0.02439692924889634
696,28,2,13,12,1,Heights,0.282,-0.7461486170616104,-0.23908132425284043,-1.639730455307351
697,28,2,14,5,1,Heights,0.156,-0.4659627917518734,-0.08827549279816181,-0.33474167297371255
698,28,2,15,14,2,Social,0.171,0.4679899592805829,0.020639829919106407,0.3942030147058402
699,28,2,16,16,2,Social,0.168,0.8204818040250906,0.6448084101065277,1.0235845255316005
700,28,2,17,27,3,Spiders,0.849,-0.3981966956745409,-0.45272291881363574,1.0235845255316005
701,28,2,18,34,3,Spiders,0.89,1.0313743607098387,0.979932480005814,1.204931740515294
702,28,2,19,8,1,Heights,0.391,-1.1679337304311066,-0.9470309219150834,-1.685956215989469
703,28,2,20,3,1,Heights,0.264,0.630678503008817,0.3473857980709106,0.7106716839911094
704,28,2,21,28,3,Spiders,0.836,1.1097058817641738,1.0134448869957426,1.2547133289421903
705,28,2,22,33,3,Spiders,0.917,1.5405292475630163,1.6459915689306461,1.1160360468958364
706,28,2,23,23,2,Social,0.132,-1.279405510393045,-2.5430593048104355,-0.5018655769782931
707,28,2,24,22,2,Social,0.14,-1.2101122417680563,-1.4120155689003433,-0.9605673560546947
708,28,3,25,31,3,Spiders,0.896,0.5523469819544823,0.11279894914141028,1.2796041231556385
709,28,3,26,2,1,Heights,0.192,0.5764489884327393,0.1337442035101157,-0.8432250404770104
710,28,3,27,13,2,Social,0.048,-1.1588954780017604,-0.021250678818304447,-1.0992446381010488
711,28,3,28,15,2,Social,0.155,0.3565181793186445,0.0038836264241420655,0.4013146701953968
712,28,3,29,9,1,Heights,0.238,-1.181806317731741,-0.45272291881363574,-0.917897423117355
713,28,3,30,7,1,Heights,0.085,-0.8335183905452916,-0.45272291881363574,-1.173917020741393
714,28,3,31,4,1,Heights,0.168,0.5915127424816499,0.15468945787882113,0.21641162746692508
715,28,3,32,19,2,Social,0.223,-1.122742468284375,-2.0906418104463986,-0.5018655769782931
716,28,3,33,21,2,Social,0.182,-1.276392759583263,-0.31448423998017994,-1.3908225131728698
717,28,3,34,25,3,Spiders,0.774,1.4923252346065026,1.6459915689306461,1.2653808121765253
718,28,3,35,36,3,Spiders,0.888,0.9620810920848503,0.3850872559345804,1.0804777694480532
719,28,3,36,26,3,Spiders,0.872,1.5405292475630163,1.6459915689306461,1.1871526017914025
720,29,1,1,12,1,Heights,0.665,-0.7178493781958261,-0.504879989351787,-1.2045185446463313
721,29,1,2,25,3,Spiders,0.399,0.4880068610496668,-1.236697250637686,0.8443848633852831
722,29,1,3,31,3,Spiders,0.501,-2.3256576971898166,-2.5539683209523045,0.8096576869779688
723,29,1,4,21,2,Social,0.387,-2.8746654158706915,-0.33190500032057435,-0.8340953296349668
724,29,1,5,19,2,Social,0.288,-1.2962682246631763,1.8635467835371238,-2.0032436020145887
725,29,1,6,28,3,Spiders,0.8061083333333333,0.05664365351469336,0.6527218603186349,1.1453537255820176
726,29,1,7,33,3,Spiders,0.452,-0.7864753430309355,-0.3718223054816235,0.03408408054792174
727,29,1,8,3,1,Heights,1.0486891385767787,0.9193700685846402,1.4244564267655837,0.30032576633734087
728,29,1,9,4,1,Heights,0.61,0.3017363850686555,0.14710266161201463,-0.24373333071060257
729,29,1,10,11,1,Heights,0.49,-0.08060827615552492,0.06726805128991646,-0.24373333071060257
730,29,1,11,13,2,Social,0.451,-0.36491584475812106,1.1450352906382402,-0.6951866240057046
731,29,1,12,18,2,Social,0.446,-0.2276639150879022,-0.33190500032057435,-0.24373333071060257
732,29,2,13,2,1,Heights,0.543,0.654669918506361,0.30677188225621094,0.20771996258449943
733,29,2,14,9,1,Heights,0.556,-0.25707504287437766,-1.6890933757962416,-0.39421776180896995
734,29,2,15,1,1,Heights,0.425,0.6350624999820441,0.2801603454821782,0.18456851164628907
735,29,2,16,22,2,Social,0.436,-0.1786453687771098,-0.3452107687075907,-0.718338074943915
736,29,2,17,15,2,Social,0.477,0.7821181389144214,0.1870199667730637,0.33505294274465514
737,29,2,18,16,2,Social,0.587,1.6350408447222087,2.2094967615995476,2.534440781874638
738,29,2,19,29,3,Spiders,0.438,0.4095771869523989,0.21363150354709642,0.1266898843007619
739,29,2,20,23,2,Social,0.574,-0.36491584475812106,-0.33190500032057435,-0.24373333071060257
740,29,2,21,34,3,Spiders,0.434,-0.6198122855742412,-1.4895068499909971,0.1266898843007619
741,29,2,22,26,3,Spiders,0.446,0.6644736277685196,-0.6246319048349344,1.029596470890966
742,29,2,23,36,3,Spiders,0.542,-0.07080456689336642,-0.8508299674142117,-0.13955180148865595
743,29,2,24,10,1,Heights,0.464,0.28212896654433856,-0.13231847451532897,-0.24373333071060257
744,29,3,25,35,3,Spiders,0.456,0.2527178387578631,0.13379689322499827,-0.023794546797604163
745,29,3,26,20,2,Social,0.43,0.5664365351469347,-0.02587232741919807,0.010932629609711376
746,29,3,27,24,2,Social,0.482,-0.6394197040985581,2.3159429086956784,-2.6746356792226877
747,29,3,28,6,1,Heights,0.431,0.9683886148954316,1.0785064487031584,0.8212334124470727
748,29,3,29,32,3,Spiders,0.462,-0.021786020582573992,-0.6246319048349344,0.0572355314861321
749,29,3,30,30,3,Spiders,0.459,0.6644736277685196,-0.10570693774129623,0.33505294274465514
750,29,3,31,27,3,Spiders,0.454,0.7821181389144214,0.06726805128991646,0.2424471389918137
751,29,3,32,14,2,Social,0.46,1.0762294167791748,0.4265237977393582,2.4418349781217965
752,29,3,33,17,2,Social,0.6352790206746466,1.095836835303492,0.08057381967693282,0.25402286446092015
753,29,3,34,7,1,Heights,0.542,-0.051197148369049456,-0.33190500032057435,-0.7414895258821254
754,29,3,35,5,1,Heights,0.439,1.1448553816142844,0.34668918741726,0.5434160011885484
755,29,3,36,8,1,Heights,0.48,-2.5021244639086695,-1.0637222616064734,-1.7370019162251695
